{"stats":{"minecraft:used":{"minecraft:moss_block":5,"minecraft:rose_bush":2,"minecraft:stone_sword":92,"minecraft:chest":4,"minecraft:cooked_salmon":1,"comforts:sleeping_bag_pink":16,"minecraft:torch":77,"minecraft:dirt":17,"minecraft:carrot":3,"minecraft:allium":1,"minecraft:dark_oak_planks":147,"minecraft:stone_bricks":6,"pointblank:workstation":1,"minecraft:red_carpet":1,"minecraft:sweet_berries":5,"minecraft:furnace":2,"comforts:sleeping_bag_white":7,"minecraft:cooked_beef":9,"minecraft:golden_boots":2,"minecraft:cooked_mutton":11,"minecraft:birch_planks":1,"minecraft:stone_pickaxe":66,"minecraft:wooden_pickaxe":5,"minecraft:cherry_planks":44,"minecraft:white_wool":2,"minecraft:salmon":2,"minecraft:crafting_table":3,"minecraft:red_bed":1,"minecraft:dark_oak_door":1,"minecraft:bread":32,"minecraft:golden_leggings":1,"minecraft:stone_axe":189,"minecraft:pink_bed":1,"minecraft:wooden_sword":81,"minecraft:porkchop":1,"alexsmobs:animal_dictionary":5},"minecraft:mined":{"minecraft:dark_oak_planks":113,"minecraft:red_carpet":4,"minecraft:dark_oak_leaves":1,"minecraft:cherry_log":5,"farmersdelight:wild_carrots":9,"minecraft:dark_oak_log":46,"minecraft:allium":5,"minecraft:grass_block":11,"minecraft:birch_slab":4,"minecraft:spruce_leaves":11,"minecraft:frosted_ice":1,"farmersdelight:wild_onions":17,"minecraft:tall_seagrass":2,"farmersdelight:wild_rice":1,"minecraft:black_carpet":1,"minecraft:oak_stairs":1,"minecraft:pink_tulip":23,"minecraft:stone":11,"minecraft:white_tulip":11,"minecraft:white_wool":2,"minecraft:cherry_planks":4,"minecraft:red_wool":4,"minecraft:red_bed":1,"minecraft:crafting_table":1,"minecraft:torch":6,"minecraft:chest":1,"minecraft:rose_bush":2,"minecraft:campfire":2,"minecraft:copper_ore":18,"minecraft:tall_grass":13,"minecraft:oak_planks":2,"minecraft:wall_torch":2,"minecraft:pink_petals":61,"minecraft:seagrass":1,"minecraft:spruce_stairs":2,"minecraft:birch_planks":2,"minecraft:sweet_berry_bush":4,"minecraft:ice":14,"minecraft:white_carpet":1,"minecraft:orange_tulip":3,"minecraft:grass":34,"minecraft:coal_ore":6,"minecraft:cherry_leaves":2,"minecraft:gravel":13,"minecraft:dirt":16,"pointblank:workstation":1,"minecraft:stone_bricks":7,"minecraft:fern":1},"minecraft:killed_by":{"minecraft:creeper":1,"minecraft:enderman":1,"minecraft:vex":2},"minecraft:crafted":{"minecraft:cherry_planks":48,"minecraft:wooden_sword":1,"minecraft:pink_bed":1,"minecraft:pink_dye":3,"minecraft:cooked_mutton":22,"minecraft:dark_oak_door":3,"minecraft:glass":3,"minecraft:stone_pickaxe":1,"minecraft:chest":4,"alexsmobs:cooked_catfish":4,"minecraft:dark_oak_planks":136,"sophisticatedbackpacks:iron_backpack":1,"minecraft:cooked_beef":14,"minecraft:cooked_cod":4,"pointblank:ammo545":20,"comforts:sleeping_bag_pink":1,"sophisticatedbackpacks:backpack":1,"minecraft:crafting_table":2,"minecraft:wooden_pickaxe":1,"minecraft:red_bed":1,"minecraft:cooked_salmon":1,"minecraft:stone_axe":2,"minecraft:bread":5,"minecraft:air":0,"minecraft:stick":24,"minecraft:stone_sword":1,"minecraft:torch":44},"minecraft:picked_up":{"minecraft:black_carpet":1,"minecraft:charcoal":4,"minecraft:crafting_table":2,"minecraft:allium":35,"minecraft:clay_ball":1,"minecraft:oak_stairs":1,"minecraft:shield":1,"minecraft:red_bed":1,"minecraft:raw_copper":42,"minecraft:cooked_salmon":1,"minecraft:white_carpet":3,"comforts:sleeping_bag_black":1,"comforts:sleeping_bag_white":9,"minecraft:beef":27,"minecraft:white_tulip":11,"minecraft:rose_bush":2,"minecraft:sugar_cane":14,"minecraft:chest":1,"pointblank:workstation":1,"minecraft:raw_iron":1,"minecraft:stick":10,"minecraft:torch":65,"minecraft:spruce_stairs":2,"sophisticatedbackpacks:backpack":1,"minecraft:porkchop":1,"pointblank:gunmetal_nugget":20,"minecraft:white_dye":2,"minecraft:cherry_log":12,"minecraft:carrot":9,"minecraft:dark_oak_planks":103,"minecraft:arrow":1,"farmersdelight:onion":15,"minecraft:pink_tulip":22,"minecraft:gold_ingot":2,"minecraft:mutton":3,"minecraft:snowball":1,"alexsmobs:lobster_tail":2,"minecraft:cod":5,"minecraft:white_wool":4,"minecraft:cobblestone":16,"minecraft:pink_petals":141,"minecraft:cooked_beef":1,"farmersdelight:rice":1,"minecraft:cherry_planks":4,"minecraft:birch_slab":4,"minecraft:salmon":6,"minecraft:leather":12,"minecraft:birch_planks":2,"minecraft:flint":1,"minecraft:gunpowder":1,"minecraft:lapis_lazuli":2,"minecraft:dirt":33,"minecraft:cooked_mutton":6,"minecraft:red_carpet":2,"minecraft:stone_bricks":6,"minecraft:wheat_seeds":6,"minecraft:orange_tulip":3,"minecraft:iron_ingot":10,"comforts:sleeping_bag_pink":17,"minecraft:oak_planks":2,"minecraft:sweet_berries":9,"minecraft:red_wool":4,"minecraft:gravel":3,"minecraft:spruce_sapling":2,"sophisticatedbackpacks:iron_backpack":1,"minecraft:ink_sac":6,"minecraft:dark_oak_log":56,"alexsmobs:animal_dictionary":1,"alexsmobs:raw_catfish":5,"minecraft:stone_axe":1,"minecraft:cherry_sapling":12,"minecraft:emerald":8,"minecraft:bread":23,"minecraft:coal":14},"minecraft:custom":{"lootr:looted_stat":20,"minecraft:mob_kills":41,"minecraft:animals_bred":4,"minecraft:interact_with_crafting_table":24,"minecraft:open_barrel":2,"minecraft:leave_game":3,"minecraft:time_since_death":49115,"minecraft:climb_one_cm":2988,"minecraft:sprint_one_cm":1179021,"minecraft:walk_one_cm":778755,"minecraft:drop":35,"minecraft:talked_to_villager":6,"minecraft:play_time":370336,"minecraft:deaths":6,"minecraft:sneak_time":8056,"minecraft:walk_under_water_one_cm":36411,"minecraft:boat_one_cm":150983,"minecraft:jump":4145,"minecraft:walk_on_water_one_cm":53970,"minecraft:total_world_time":370336,"minecraft:interact_with_furnace":25,"minecraft:traded_with_villager":2,"minecraft:sleep_in_bed":25,"minecraft:time_since_rest":12833,"minecraft:waystone_activated":1,"minecraft:damage_taken":3693,"minecraft:damage_dealt":6028,"minecraft:swim_one_cm":84720,"minecraft:fly_one_cm":960512,"minecraft:open_chest":46,"minecraft:crouch_one_cm":14174,"minecraft:fall_one_cm":85109},"minecraft:dropped":{"pointblank:ammo545":2,"minecraft:cooked_beef":5,"minecraft:crafting_table":1,"minecraft:leather":6,"minecraft:red_wool":1,"minecraft:coal":8,"alexsmobs:raw_catfish":2,"minecraft:torch":4,"minecraft:coast_armor_trim_smithing_template":1,"minecraft:dark_oak_planks":31,"minecraft:stone_axe":1,"alexsmobs:animal_dictionary":1,"minecraft:wheat":37,"comforts:sleeping_bag_white":1,"minecraft:beef":13,"comforts:sleeping_bag_black":1,"comforts:sleeping_bag_pink":1},"minecraft:broken":{"minecraft:wooden_sword":1,"minecraft:stone_axe":1},"minecraft:killed":{"alexsmobs:lobster":5,"minecraft:vindicator":10,"minecraft:skeleton":1,"minecraft:pig":1,"minecraft:salmon":2,"minecraft:creeper":2,"minecraft:sheep":2,"alexsmobs:catfish":2,"minecraft:zombie":1,"minecraft:cow":15}},"DataVersion":3465}