{"stats":{"minecraft:broken":{"minecraft:wooden_sword":1},"minecraft:crafted":{"minecraft:cherry_planks":48,"minecraft:wooden_sword":1,"comforts:sleeping_bag_pink":1,"sophisticatedbackpacks:backpack":1,"minecraft:wooden_pickaxe":1,"minecraft:stone_axe":1,"minecraft:pink_dye":2,"minecraft:stone_pickaxe":1,"minecraft:stone_sword":1},"minecraft:custom":{"lootr:looted_stat":6,"minecraft:mob_kills":20,"minecraft:animals_bred":4,"minecraft:interact_with_crafting_table":5,"minecraft:leave_game":2,"minecraft:time_since_death":128163,"minecraft:sleep_in_bed":10,"minecraft:climb_one_cm":484,"minecraft:time_since_rest":464,"minecraft:waystone_activated":1,"minecraft:sprint_one_cm":350922,"minecraft:damage_taken":750,"minecraft:walk_one_cm":270850,"minecraft:drop":19,"minecraft:damage_dealt":2214,"minecraft:swim_one_cm":43407,"minecraft:talked_to_villager":2,"minecraft:fly_one_cm":321477,"minecraft:open_chest":8,"minecraft:crouch_one_cm":4497,"minecraft:play_time":133286,"minecraft:deaths":1,"minecraft:sneak_time":1386,"minecraft:walk_under_water_one_cm":23087,"minecraft:boat_one_cm":150983,"minecraft:jump":1596,"minecraft:walk_on_water_one_cm":26112,"minecraft:total_world_time":133286,"minecraft:fall_one_cm":43440},"minecraft:used":{"minecraft:cooked_mutton":2,"minecraft:rose_bush":2,"minecraft:stone_pickaxe":35,"minecraft:wooden_pickaxe":5,"minecraft:cherry_planks":44,"comforts:sleeping_bag_pink":3,"minecraft:salmon":2,"minecraft:dirt":2,"minecraft:crafting_table":1,"minecraft:allium":1,"minecraft:bread":12,"minecraft:stone_axe":9,"pointblank:workstation":1,"minecraft:wooden_sword":81,"minecraft:porkchop":1,"comforts:sleeping_bag_white":7,"alexsmobs:animal_dictionary":5,"minecraft:cooked_beef":1},"minecraft:dropped":{"alexsmobs:animal_dictionary":1,"minecraft:wheat":37,"minecraft:leather":6,"minecraft:coal":8,"alexsmobs:raw_catfish":2,"minecraft:coast_armor_trim_smithing_template":1,"comforts:sleeping_bag_white":1,"minecraft:beef":13,"comforts:sleeping_bag_black":1},"minecraft:mined":{"minecraft:cherry_planks":4,"minecraft:cherry_log":5,"farmersdelight:wild_carrots":9,"minecraft:allium":2,"minecraft:grass_block":7,"minecraft:rose_bush":2,"minecraft:birch_slab":4,"minecraft:tall_grass":11,"minecraft:spruce_leaves":1,"minecraft:oak_planks":2,"minecraft:pink_petals":61,"minecraft:spruce_stairs":1,"minecraft:seagrass":1,"minecraft:birch_planks":1,"farmersdelight:wild_onions":4,"minecraft:tall_seagrass":2,"minecraft:sweet_berry_bush":3,"minecraft:orange_tulip":3,"minecraft:grass":23,"minecraft:oak_stairs":1,"minecraft:cherry_leaves":2,"minecraft:dirt":3,"pointblank:workstation":1,"minecraft:pink_tulip":23,"minecraft:stone_bricks":7,"minecraft:white_tulip":11,"minecraft:stone":11,"minecraft:fern":1},"minecraft:killed":{"minecraft:pig":1,"minecraft:salmon":2,"alexsmobs:catfish":2,"minecraft:cow":15},"minecraft:picked_up":{"minecraft:crafting_table":1,"minecraft:pink_petals":141,"minecraft:allium":9,"minecraft:cooked_beef":1,"minecraft:cherry_planks":4,"minecraft:birch_slab":4,"minecraft:salmon":2,"minecraft:leather":12,"minecraft:oak_stairs":1,"minecraft:birch_planks":1,"minecraft:shield":1,"minecraft:lapis_lazuli":2,"minecraft:dirt":17,"minecraft:cooked_mutton":2,"minecraft:stone_bricks":6,"comforts:sleeping_bag_black":1,"minecraft:wheat_seeds":4,"minecraft:orange_tulip":3,"comforts:sleeping_bag_white":9,"comforts:sleeping_bag_pink":3,"minecraft:beef":27,"minecraft:iron_ingot":2,"minecraft:white_tulip":11,"minecraft:rose_bush":2,"minecraft:oak_planks":2,"pointblank:workstation":1,"minecraft:stick":10,"minecraft:sweet_berries":9,"minecraft:spruce_stairs":1,"sophisticatedbackpacks:backpack":1,"minecraft:porkchop":1,"minecraft:white_dye":2,"minecraft:cherry_log":12,"minecraft:carrot":9,"alexsmobs:animal_dictionary":1,"alexsmobs:raw_catfish":5,"farmersdelight:onion":4,"minecraft:bread":12,"minecraft:cherry_sapling":12,"minecraft:pink_tulip":22,"minecraft:gold_ingot":1,"minecraft:coal":8,"minecraft:cobblestone":14}},"DataVersion":3465}