{"stats":{"minecraft:used":{"minecraft:stone_sword":61,"minecraft:stone_shovel":33,"minecraft:chest":1,"minecraft:torch":54,"create:ochrum":1,"minecraft:dirt":21,"minecraft:white_carpet":1,"create:cogwheel":1,"minecraft:dark_oak_planks":95,"create:millstone":5,"minecraft:item_frame":1,"minecraft:oak_sapling":1,"minecraft:furnace":6,"comforts:sleeping_bag_white":8,"minecraft:cooked_beef":21,"minecraft:cherry_log":2,"minecraft:enchanted_golden_apple":1,"minecraft:cooked_mutton":3,"comforts:sleeping_bag_black":12,"minecraft:stone_pickaxe":131,"pointblank:printer":3,"minecraft:wooden_pickaxe":14,"minecraft:white_wool":3,"minecraft:crafting_table":17,"minecraft:black_bed":1,"minecraft:oak_log":1,"minecraft:bread":39,"minecraft:string":2,"minecraft:iron_pickaxe":201,"minecraft:stone_axe":186,"minecraft:pink_petals":6,"minecraft:cobblestone":5,"minecraft:oak_boat":7,"create:hand_crank":5},"minecraft:mined":{"minecraft:dark_oak_planks":69,"create:millstone":4,"minecraft:dark_oak_leaves":2,"create:andesite_casing":1,"minecraft:cherry_log":14,"farmersdelight:wild_carrots":6,"minecraft:dark_oak_log":28,"minecraft:dark_oak_fence":1,"minecraft:grass_block":7,"create:ochrum":1,"minecraft:spruce_leaves":1,"minecraft:hay_block":12,"farmersdelight:wild_onions":2,"minecraft:furnace":7,"farmersdelight:wild_rice":10,"minecraft:iron_ore":34,"minecraft:snow":1,"minecraft:andesite":16,"minecraft:pointed_dripstone":2,"minecraft:stone":128,"minecraft:iron_block":1,"minecraft:white_wool":3,"minecraft:tripwire":2,"create:cogwheel":1,"minecraft:crafting_table":16,"minecraft:emerald_ore":5,"minecraft:copper_ore":23,"minecraft:oak_planks":1,"minecraft:white_carpet":7,"minecraft:grass":4,"minecraft:coal_ore":82,"minecraft:oak_log":11,"minecraft:sand":10,"minecraft:cherry_leaves":4,"create:hand_crank":3,"minecraft:dripstone_block":18,"minecraft:dirt":21,"minecraft:cobweb":4,"pointblank:printer":2,"minecraft:oak_leaves":1,"create:zinc_ore":18},"minecraft:killed_by":{"minecraft:vindicator":2},"minecraft:crafted":{"minecraft:cherry_planks":20,"minecraft:black_dye":3,"minecraft:oak_planks":40,"minecraft:stone_shovel":1,"minecraft:iron_nugget":9,"comforts:sleeping_bag_white":2,"minecraft:furnace":1,"minecraft:cooked_mutton":3,"minecraft:glass_pane":16,"minecraft:glass":7,"create:millstone":1,"minecraft:stone_pickaxe":1,"minecraft:chest":3,"minecraft:dark_oak_planks":56,"create:cogwheel":2,"minecraft:wheat":108,"sophisticatedbackpacks:iron_backpack":2,"minecraft:cooked_beef":18,"pointblank:printer":1,"create:andesite_alloy":4,"create:hand_crank":1,"sophisticatedbackpacks:backpack":2,"minecraft:crafting_table":2,"pointblank:processor":1,"minecraft:wooden_pickaxe":1,"comforts:sleeping_bag_black":1,"minecraft:stone_axe":2,"minecraft:bread":49,"minecraft:air":0,"minecraft:oak_boat":1,"minecraft:shield":2,"minecraft:stick":48,"minecraft:iron_ingot":43,"minecraft:iron_pickaxe":1,"minecraft:stone_sword":1,"minecraft:black_bed":1,"minecraft:white_bed":1,"create:shaft":8,"minecraft:torch":140},"minecraft:picked_up":{"minecraft:crafting_table":16,"minecraft:allium":2,"minecraft:wheat":39,"minecraft:clay_ball":1,"minecraft:wooden_pickaxe":2,"minecraft:string":6,"minecraft:raw_copper":92,"minecraft:white_carpet":4,"minecraft:item_frame":1,"comforts:sleeping_bag_black":12,"comforts:sleeping_bag_white":11,"minecraft:beef":42,"minecraft:oak_boat":6,"minecraft:light_gray_wool":1,"minecraft:egg":1,"minecraft:furnace":7,"minecraft:dark_oak_sapling":6,"minecraft:stick":1,"minecraft:raw_iron":33,"minecraft:copper_ingot":1,"minecraft:torch":37,"create:andesite_casing":1,"pointblank:ammo545":2,"pointblank:gunmetal_nugget":29,"minecraft:cherry_log":7,"minecraft:pointed_dripstone":4,"create:hand_crank":5,"minecraft:carrot":6,"minecraft:dark_oak_planks":108,"minecraft:arrow":1,"minecraft:rotten_flesh":8,"farmersdelight:onion":2,"create:ochrum":1,"minecraft:hay_block":12,"minecraft:iron_block":1,"minecraft:mutton":24,"minecraft:snowball":1,"minecraft:white_wool":16,"minecraft:cobblestone":123,"minecraft:pink_petals":6,"minecraft:cooked_beef":26,"farmersdelight:rice":10,"minecraft:andesite":16,"minecraft:leather":16,"create:raw_zinc":18,"minecraft:oak_log":11,"minecraft:gunpowder":1,"minecraft:dirt":22,"minecraft:cooked_mutton":2,"minecraft:coast_armor_trim_smithing_template":1,"minecraft:wheat_seeds":4,"minecraft:iron_ingot":1,"comforts:sleeping_bag_pink":6,"minecraft:oak_planks":2,"create:cogwheel":1,"minecraft:red_wool":1,"minecraft:dripstone_block":18,"minecraft:gravel":2,"minecraft:sand":10,"minecraft:ink_sac":3,"pointblank:printer":2,"minecraft:dark_oak_log":14,"alexsmobs:raw_catfish":1,"create:millstone":4,"minecraft:stone_axe":1,"minecraft:cherry_sapling":2,"minecraft:emerald":6,"minecraft:oak_sapling":1,"minecraft:dark_oak_fence":1,"minecraft:coal":123},"minecraft:custom":{"lootr:looted_stat":16,"minecraft:mob_kills":44,"minecraft:animals_bred":1,"minecraft:interact_with_crafting_table":38,"minecraft:leave_game":4,"minecraft:time_since_death":154708,"minecraft:climb_one_cm":2596,"minecraft:sprint_one_cm":1279643,"minecraft:walk_one_cm":1076012,"minecraft:drop":49,"minecraft:talked_to_villager":7,"minecraft:play_time":396812,"minecraft:deaths":3,"minecraft:sneak_time":15846,"minecraft:walk_under_water_one_cm":23111,"minecraft:boat_one_cm":80,"minecraft:jump":3996,"minecraft:walk_on_water_one_cm":35569,"minecraft:total_world_time":396812,"minecraft:interact_with_furnace":43,"minecraft:traded_with_villager":1,"minecraft:sleep_in_bed":21,"minecraft:time_since_rest":12767,"minecraft:waystone_activated":2,"minecraft:damage_taken":2688,"minecraft:damage_dealt":4977,"minecraft:swim_one_cm":103361,"minecraft:fly_one_cm":753888,"minecraft:open_chest":39,"minecraft:crouch_one_cm":33522,"minecraft:fall_one_cm":57379},"minecraft:dropped":{"sophisticatedbackpacks:iron_backpack":1,"minecraft:bread":19,"minecraft:iron_ingot":8,"minecraft:cooked_beef":2,"minecraft:cobblestone":3,"minecraft:torch":90,"minecraft:snowball":1,"minecraft:white_wool":3,"minecraft:stone_axe":1,"sophisticatedbackpacks:backpack":1,"minecraft:cooked_mutton":2,"minecraft:shield":1,"minecraft:allium":2,"comforts:sleeping_bag_white":4,"minecraft:stone_pickaxe":1,"minecraft:wooden_pickaxe":2,"comforts:sleeping_bag_pink":6},"minecraft:broken":{"minecraft:stone_axe":1},"minecraft:killed":{"alexsmobs:raccoon":1,"minecraft:vindicator":4,"minecraft:creeper":1,"minecraft:squid":1,"minecraft:sheep":15,"minecraft:zombie":8,"minecraft:cow":13}},"DataVersion":3465}