{"stats":{"minecraft:crafted":{"minecraft:cooked_beef":5,"minecraft:cherry_planks":20,"minecraft:oak_planks":40,"create:andesite_alloy":4,"create:hand_crank":1,"minecraft:stone_shovel":1,"sophisticatedbackpacks:backpack":2,"minecraft:iron_nugget":9,"minecraft:crafting_table":1,"comforts:sleeping_bag_white":2,"minecraft:wooden_pickaxe":1,"minecraft:furnace":1,"comforts:sleeping_bag_black":1,"minecraft:stone_axe":1,"minecraft:cooked_mutton":3,"minecraft:bread":49,"minecraft:air":0,"minecraft:oak_boat":1,"minecraft:shield":2,"minecraft:stick":12,"create:millstone":1,"minecraft:iron_ingot":18,"minecraft:iron_pickaxe":1,"minecraft:stone_pickaxe":1,"minecraft:stone_sword":1,"minecraft:chest":2,"create:shaft":8,"create:cogwheel":2,"sophisticatedbackpacks:iron_backpack":2,"minecraft:wheat":108,"minecraft:black_dye":3},"minecraft:custom":{"lootr:looted_stat":5,"minecraft:interact_with_furnace":25,"minecraft:mob_kills":28,"minecraft:animals_bred":1,"minecraft:interact_with_crafting_table":26,"minecraft:leave_game":3,"minecraft:time_since_death":153887,"minecraft:sleep_in_bed":11,"minecraft:climb_one_cm":978,"minecraft:time_since_rest":488,"minecraft:waystone_activated":2,"minecraft:sprint_one_cm":453646,"minecraft:damage_taken":673,"minecraft:walk_one_cm":436437,"minecraft:drop":18,"minecraft:damage_dealt":2489,"minecraft:swim_one_cm":53676,"minecraft:talked_to_villager":1,"minecraft:fly_one_cm":279721,"minecraft:open_chest":2,"minecraft:crouch_one_cm":11642,"minecraft:play_time":153887,"minecraft:sneak_time":4848,"minecraft:walk_under_water_one_cm":14352,"minecraft:boat_one_cm":80,"minecraft:jump":1830,"minecraft:walk_on_water_one_cm":15318,"minecraft:total_world_time":153887,"minecraft:fall_one_cm":31694},"minecraft:used":{"minecraft:cooked_mutton":3,"minecraft:stone_sword":23,"comforts:sleeping_bag_black":3,"minecraft:stone_shovel":22,"minecraft:stone_pickaxe":131,"minecraft:wooden_pickaxe":14,"minecraft:white_wool":3,"minecraft:dirt":17,"minecraft:crafting_table":12,"create:cogwheel":1,"minecraft:oak_log":1,"minecraft:bread":18,"minecraft:string":2,"minecraft:iron_pickaxe":55,"create:millstone":5,"minecraft:stone_axe":70,"minecraft:pink_petals":6,"minecraft:cobblestone":5,"minecraft:furnace":5,"minecraft:oak_sapling":1,"create:hand_crank":5,"minecraft:oak_boat":7,"comforts:sleeping_bag_white":8,"minecraft:cooked_beef":5,"minecraft:cherry_log":2,"minecraft:enchanted_golden_apple":1},"minecraft:dropped":{"minecraft:bread":12,"minecraft:cooked_beef":2,"minecraft:cobblestone":3,"sophisticatedbackpacks:backpack":1,"minecraft:cooked_mutton":2,"minecraft:shield":1,"comforts:sleeping_bag_white":4,"minecraft:stone_pickaxe":1,"minecraft:wooden_pickaxe":2,"minecraft:white_wool":3},"minecraft:mined":{"create:cogwheel":1,"create:millstone":4,"create:andesite_casing":1,"minecraft:cherry_log":14,"farmersdelight:wild_carrots":6,"minecraft:crafting_table":13,"minecraft:grass_block":6,"minecraft:emerald_ore":4,"minecraft:copper_ore":13,"minecraft:spruce_leaves":1,"minecraft:hay_block":12,"farmersdelight:wild_onions":2,"minecraft:furnace":5,"minecraft:iron_ore":22,"minecraft:andesite":16,"minecraft:grass":4,"minecraft:oak_log":11,"minecraft:pointed_dripstone":2,"minecraft:coal_ore":43,"minecraft:dirt":18,"create:hand_crank":3,"minecraft:cherry_leaves":4,"minecraft:dripstone_block":1,"minecraft:cobweb":4,"minecraft:tripwire":2,"minecraft:stone":86,"minecraft:white_wool":3,"minecraft:oak_leaves":1},"minecraft:killed":{"alexsmobs:raccoon":1,"minecraft:squid":1,"minecraft:sheep":12,"minecraft:zombie":1,"minecraft:cow":13},"minecraft:picked_up":{"minecraft:crafting_table":12,"minecraft:pink_petals":6,"minecraft:allium":2,"minecraft:wheat":39,"minecraft:cooked_beef":2,"minecraft:andesite":16,"minecraft:leather":16,"minecraft:wooden_pickaxe":2,"minecraft:oak_log":11,"minecraft:dirt":17,"minecraft:string":6,"minecraft:raw_copper":45,"minecraft:cooked_mutton":2,"minecraft:coast_armor_trim_smithing_template":1,"comforts:sleeping_bag_black":3,"minecraft:wheat_seeds":4,"comforts:sleeping_bag_white":11,"minecraft:beef":42,"minecraft:oak_boat":6,"minecraft:oak_planks":1,"minecraft:furnace":5,"minecraft:raw_iron":22,"create:cogwheel":1,"create:andesite_casing":1,"minecraft:dripstone_block":1,"minecraft:ink_sac":3,"minecraft:cherry_log":7,"create:hand_crank":5,"minecraft:pointed_dripstone":4,"minecraft:carrot":6,"alexsmobs:raw_catfish":1,"create:millstone":4,"farmersdelight:onion":2,"minecraft:hay_block":12,"minecraft:emerald":4,"minecraft:cherry_sapling":2,"minecraft:oak_sapling":1,"minecraft:mutton":18,"minecraft:coal":57,"minecraft:white_wool":14,"minecraft:cobblestone":84}},"DataVersion":3465}