{"stats":{"minecraft:killed":{"minecraft:sheep":4,"minecraft:cow":3},"minecraft:mined":{"minecraft:hay_block":11,"minecraft:furnace":1,"minecraft:crafting_table":3,"minecraft:grass":1,"minecraft:oak_log":10,"minecraft:coal_ore":15,"minecraft:dirt":1,"minecraft:cobweb":4,"minecraft:stone":21},"minecraft:crafted":{"minecraft:cooked_beef":4,"minecraft:oak_planks":40,"minecraft:stone_shovel":1,"sophisticatedbackpacks:backpack":1,"minecraft:crafting_table":1,"minecraft:stick":12,"comforts:sleeping_bag_white":1,"minecraft:wooden_pickaxe":1,"minecraft:stone_pickaxe":1,"minecraft:stone_sword":1,"minecraft:chest":1,"minecraft:furnace":1,"minecraft:stone_axe":1,"minecraft:cooked_mutton":8,"minecraft:air":0},"minecraft:used":{"minecraft:cooked_mutton":3,"minecraft:stone_sword":4,"minecraft:stone_pickaxe":26,"minecraft:wooden_pickaxe":15,"minecraft:stone_axe":13,"minecraft:dirt":1,"minecraft:crafting_table":3,"minecraft:furnace":1},"minecraft:picked_up":{"minecraft:stick":5,"minecraft:crafting_table":3,"minecraft:leather":4,"minecraft:wooden_pickaxe":1,"minecraft:oak_log":10,"minecraft:string":4,"minecraft:dirt":1,"minecraft:hay_block":11,"minecraft:beef":4,"minecraft:oak_sapling":3,"minecraft:mutton":8,"minecraft:coal":28,"minecraft:white_wool":4,"minecraft:cobblestone":21,"minecraft:furnace":1},"minecraft:dropped":{"minecraft:wooden_pickaxe":2},"minecraft:custom":{"minecraft:time_since_rest":10796,"minecraft:interact_with_furnace":9,"minecraft:sprint_one_cm":65759,"minecraft:damage_taken":80,"minecraft:walk_one_cm":135751,"minecraft:mob_kills":7,"minecraft:drop":2,"minecraft:damage_dealt":774,"minecraft:talked_to_villager":2,"minecraft:interact_with_crafting_table":6,"minecraft:fly_one_cm":22892,"minecraft:open_chest":2,"minecraft:crouch_one_cm":685,"minecraft:play_time":23715,"minecraft:sneak_time":606,"minecraft:walk_under_water_one_cm":465,"minecraft:jump":187,"minecraft:leave_game":2,"minecraft:walk_on_water_one_cm":254,"minecraft:time_since_death":23715,"minecraft:sleep_in_bed":1,"minecraft:total_world_time":37062,"minecraft:climb_one_cm":552,"minecraft:fall_one_cm":2402}},"DataVersion":3465}